window_start,window_end,best_model,second_model,best_rmse,best_mae,second_rmse,second_mae,rmse_gap
2010-01-04,2010-05-12,Hidden Markov Model,Random Forest,15.685014269009995,12.596428571428559,12.417857976567076,10.299880952380953,3.2671562924429196
2010-05-13,2010-09-20,Random Forest,XGBoost,136.41238059169405,129.69920454545453,134.61886660901988,121.14002713290128,1.7935139826741704
2010-06-25,2010-11-01,Random Forest,XGBoost,39.334064760652915,35.13190476190476,41.69425395366141,37.309834798177086,-2.3601891930084946
2010-08-09,2010-12-14,Random Forest,XGBoost,63.33444126458856,61.73249999999999,63.22239926084209,59.127935500372026,0.112042003746474
2010-12-15,2011-04-25,Random Forest,XGBoost,35.356417923091044,30.86079545454546,37.880746395094405,32.873876398259945,-2.5243284720033614
2011-01-28,2011-06-07,Random Forest,XGBoost,56.7936861115992,49.449285714285715,56.9561431090572,45.970973423549104,-0.16245699745800124
2011-03-14,2011-07-20,Random Forest,XGBoost,25.660824193611845,21.03454545454546,34.28700174985835,27.540463534268465,-8.626177556246503
2011-04-26,2011-08-31,Random Forest,XGBoost,52.79381770714482,40.518095238095235,57.69211713791669,44.30718994140625,-4.898299430771871
2011-09-01,2012-01-10,Random Forest,XGBoost,31.633117361210147,26.462738095238088,32.93555798236592,27.108241489955358,-1.3024406211557746
2012-02-24,2012-07-02,Random Forest,XGBoost,146.2108630662285,141.6795238095238,145.7074571265252,140.60919770740327,0.503405939703299
2012-04-09,2012-08-14,Random Forest,XGBoost,131.6900543789144,107.7436904761905,138.43348772414257,104.17969912574405,-6.743433345228169
2012-05-21,2012-09-26,Random Forest,XGBoost,93.71249772939477,85.46227272727272,128.9400614077035,115.58090209960938,-35.22756367830873
2012-08-15,2012-12-24,Hidden Markov Model,KNeighborsTimeSeries,52.015773379145955,49.02090643274853,32.918803617065855,28.252631578947376,19.0969697620801
2012-12-26,2013-05-06,Random Forest,XGBoost,21.6047662772097,16.13345238095238,24.847599015603446,19.89640880766369,-3.242832738393748
2013-02-08,2013-06-18,Random Forest,Hidden Markov Model,59.958453165107414,39.10142857142856,63.71903307777701,39.67248677248676,-3.7605799126695985
2013-03-25,2013-07-31,Random Forest,XGBoost,141.51308044765364,130.90715909090906,146.76903407070049,130.16644564541903,-5.2559536230468495
2013-09-13,2014-01-22,KNeighborsTimeSeries,Hidden Markov Model,16.85654811299497,14.964285714285712,11.46448007329465,9.187830687830692,5.392068039700321
2014-01-23,2014-06-02,Hidden Markov Model,KNeighborsTimeSeries,35.01353428995172,33.45959595959596,42.209909704626554,39.85227272727273,-7.196375414674833
2014-03-07,2014-07-15,Random Forest,Hidden Markov Model,74.20711298338958,71.6496590909091,109.94950886912214,109.73737373737376,-35.74239588573256
2014-04-21,2014-08-26,Random Forest,XGBoost,121.4012682636055,115.15440476190476,127.64338342164609,119.65760294596355,-6.2421151580405905
2014-06-03,2014-10-08,Random Forest,XGBoost,28.174583620985583,24.284204545454543,37.055870272599776,30.525766546075996,-8.881286651614193
2014-07-16,2014-11-19,Random Forest,Hidden Markov Model,21.088903078057758,14.656785714285707,34.35810298197911,30.95753968253967,-13.26919990392135
2014-08-27,2015-01-05,Hidden Markov Model,KNeighborsTimeSeries,23.820954808887358,21.72301587301585,10.613081550614782,8.516666666666662,13.207873258272576
2014-10-09,2015-02-18,Hidden Markov Model,Random Forest,4.439191577017546,3.647727272727273,13.367839257728026,11.334204545454543,-8.92864768071048
2014-11-20,2015-04-01,Random Forest,XGBoost,19.489400644965972,15.13809523809524,20.212801559585376,16.05828857421875,-0.723400914619404
2015-04-02,2015-08-10,Random Forest,XGBoost,24.25754909497738,19.357857142857142,30.638693069386562,22.939688546316965,-6.381143974409181
2015-05-15,2015-09-22,Random Forest,XGBoost,20.821672153071663,19.16522727272727,23.907929023402485,22.3067099831321,-3.0862568703308213
2015-06-29,2015-11-03,Random Forest,XGBoost,17.05727578316236,16.21285714285714,17.62277633407335,16.666086832682293,-0.5655005509109898
2015-08-11,2015-12-16,Random Forest,XGBoost,8.92124003432258,7.7309999999999945,9.010138363648549,7.826161193847656,-0.08889832932596953
2015-09-23,2016-02-01,KNeighborsTimeSeries,Hidden Markov Model,9.324264301375464,7.138095238095245,11.053081002474668,9.641798941798946,-1.7288167010992037
2015-11-04,2016-03-15,Random Forest,Hidden Markov Model,6.435697297292727,5.25345238095238,6.84637475034943,6.134523809523809,-0.410677453056703
2015-12-17,2016-04-27,Hidden Markov Model,KNeighborsTimeSeries,26.63973089852223,23.708838383838405,22.29290551641119,19.095454545454547,4.346825382111042
2016-06-10,2016-10-18,Random Forest,XGBoost,12.11778924026279,10.198095238095242,10.900225850713754,8.124388195219494,1.217563389549035
2016-09-06,2017-01-17,KNeighborsTimeSeries,Hidden Markov Model,18.88837425026785,17.649999999999995,22.760341225826345,22.169949494949513,-3.871966975558493
2016-10-19,2017-03-01,Random Forest,Hidden Markov Model,12.323599415626024,10.632613636363631,8.5903439301569,6.441666666666648,3.7332554854691242
2016-12-02,2017-04-12,Random Forest,Hidden Markov Model,7.148901576466138,6.0413095238095265,4.008932376669061,3.218253968253965,3.1399691997970773
2017-03-02,2017-07-10,KNeighborsTimeSeries,Hidden Markov Model,8.03450654704727,6.756818181818181,10.110862433116875,7.803030303030301,-2.0763558860696048
2017-04-13,2017-08-21,Hidden Markov Model,Random Forest,26.76720984577378,26.134126984126972,26.41059018854261,25.737738095238097,0.35661965723117106
2017-05-26,2017-10-03,Random Forest,Hidden Markov Model,10.571288100429033,9.4703409090909,13.497674359061083,13.352020202020212,-2.92638625863205
2017-07-11,2017-11-14,Hidden Markov Model,Random Forest,14.438931029577509,14.094444444444454,7.229022689659998,6.440000000000006,7.209908339917511
2017-10-04,2018-02-12,KNeighborsTimeSeries,Hidden Markov Model,28.705263330217733,27.138095238095236,26.580937179497425,25.548412698412708,2.1243261507203073
2017-11-15,2018-03-27,Random Forest,XGBoost,28.990363156614315,26.06547619047619,30.2276283432896,26.73352777390253,-1.237265186675284
2017-12-29,2018-05-09,KNeighborsTimeSeries,Hidden Markov Model,9.87292473673039,8.264285714285712,23.385844823209567,21.235714285714273,-13.512920086479177
2018-05-10,2018-09-17,Random Forest,XGBoost,16.99701611513567,14.379090909090904,27.375234831110884,23.917273781516336,-10.378218715975216
2018-06-22,2018-10-29,KNeighborsTimeSeries,Hidden Markov Model,8.186850664909164,6.561904761904755,10.522933718255612,9.125925925925934,-2.3360830533464476
2018-08-06,2018-12-12,KNeighborsTimeSeries,Hidden Markov Model,9.884886050037313,8.925000000000002,15.871191581674697,15.599999999999985,-5.9863055316373845
2018-09-18,2019-01-30,KNeighborsTimeSeries,Hidden Markov Model,7.368570643844933,6.302380952380953,6.400776380378003,5.686243386243386,0.9677942634669296
2019-01-31,2019-06-10,Random Forest,XGBoost,34.149344787342,30.82238095238096,37.591799731716186,34.059170677548366,-3.442454944374184
2019-03-15,2019-07-23,Random Forest,Hidden Markov Model,47.1942959645645,40.75136363636364,23.014169301462168,20.28409090909091,24.180126663102335
2019-04-29,2019-09-04,Random Forest,XGBoost,46.5426065709738,41.5753409090909,47.80098398021231,41.28696511008523,-1.2583774092385056
2019-06-11,2019-10-16,Random Forest,XGBoost,19.814616355277195,17.23443181818183,27.64403843200928,22.80912364612926,-7.829422076732083
2019-07-24,2019-11-27,Random Forest,XGBoost,10.503026171061373,9.716750000000005,11.049471302555386,9.512538146972656,-0.5464451314940124
2019-09-05,2020-01-13,Random Forest,Hidden Markov Model,8.917625771737784,7.381428571428568,7.363067424977323,6.114285714285735,1.5545583467604613
2019-10-17,2020-02-26,Random Forest,XGBoost,27.445551733262388,22.083068181818184,28.18257697886805,22.777253584428266,-0.7370252456056612
2019-11-29,2020-04-08,Hidden Markov Model,KNeighborsTimeSeries,56.744864880055296,56.224206349206355,38.91727490092652,37.19999999999999,17.827589979128774
2020-02-27,2020-07-06,Random Forest,Hidden Markov Model,11.365912291404904,9.227613636363634,12.824080330985845,10.756313131313133,-1.4581680395809418
2020-04-09,2020-08-17,Hidden Markov Model,Random Forest,26.06675612560597,22.487698412698407,28.475247474780623,22.67654761904762,-2.4084913491746534
2020-05-22,2020-09-29,Random Forest,Hidden Markov Model,49.01322850772024,47.02295454545454,63.99380720906602,62.64469696969695,-14.980578701345777
2020-07-07,2020-11-10,Hidden Markov Model,Random Forest,60.621655528759845,60.44047619047619,20.479072310008856,17.277261904761907,40.142583218750985
2020-08-18,2020-12-23,KNeighborsTimeSeries,Hidden Markov Model,81.87047938504355,77.43947368421054,108.77399036319372,105.9377192982456,-26.903510978150166
2020-09-30,2021-02-08,Random Forest,XGBoost,105.55991224097068,88.8370238095238,108.52155039453162,93.53206816173736,-2.9616381535609406
2020-11-11,2021-03-23,Random Forest,XGBoost,93.55877310864672,85.5802380952381,116.26862448575896,106.35057721819196,-22.709851377112244
2020-12-24,2021-05-05,Random Forest,XGBoost,90.37017120406699,72.8352380952381,102.5411311031056,88.00101725260417,-12.170959899038607
2021-05-06,2021-09-13,Random Forest,XGBoost,102.92129884097672,92.37522727272727,112.61248039597413,97.78212529962713,-9.691181554997414
2021-06-18,2021-10-25,Random Forest,XGBoost,36.99881643914747,35.248977272727295,34.260751924674686,33.13801435990767,2.738064514472782
2021-08-02,2021-12-07,Random Forest,Hidden Markov Model,23.319275250622294,20.269285714285708,50.32789933525062,49.57301587301589,-27.008624084628327
2021-12-08,2022-04-18,Random Forest,XGBoost,89.42129632137669,86.29818181818183,102.69113679132866,90.37602372602983,-13.269840469951973
2022-01-21,2022-05-31,Random Forest,XGBoost,36.90421594027797,31.68214285714286,39.64352524218277,33.317833310081845,-2.7393093019047967
2022-08-26,2023-01-04,Hidden Markov Model,Random Forest,11.023153842477234,9.555555555555543,16.6835991606242,14.435238095238084,-5.660445318146968
2023-01-05,2023-05-15,Random Forest,Hidden Markov Model,55.93145469328634,52.607261904761906,65.66967693124406,63.02619047619044,-9.738222237957714
2023-02-17,2023-06-28,Random Forest,XGBoost,81.27123916904078,73.07261904761904,88.43697085472186,80.59497651599702,-7.165731685681081
