window_start,window_end,window_center,corn_mean,corn_std,corn_skew,corn_kurtosis,temp_mean,temp_std,temp_skew,temp_kurtosis,volatility,corr_price_temp,precip_mean,recommended_model,compatibility_score
2010-01-04,2010-05-12,2010-03-10,366.025,17.18884902775274,2.005192901755331,7.16910684201065,1.84,11.471264048761345,-0.1525939681579515,1.8976062009454355,0.0167621032527452,-0.5604379015063167,2.233333333333334,Hidden Markov Model,0.831
2010-02-17,2010-06-24,2010-04-22,358.93333333333334,9.817563371926752,-0.1784139659962369,2.440494760018644,11.759444444444444,10.516343338631543,-0.8486559396377306,3.045144572736734,0.015356401483999,-0.5116551479922693,3.5166666666666666,KNeighborsTimeSeries,0.8391
2010-03-31,2010-08-06,2010-06-04,361.75555555555553,15.73137287030345,0.5739397743049944,3.441711358255242,19.79277777777778,5.411066277977859,-0.5674247670251383,2.167046369769228,0.0195385535149346,0.3011475234295023,4.84111111111111,Random Forest,0.8864
2010-05-13,2010-09-20,2010-07-19,388.3638888888889,42.0779299939028,1.090921594410058,3.7326251804279176,22.544444444444444,3.5632285925122567,-0.6148671955114781,3.303711096208628,0.0199268748734602,-0.0949602553954685,4.754444444444444,Random Forest,0.8669
2010-06-25,2010-11-01,2010-08-30,448.7472222222222,73.95843706802874,0.4099081945508548,1.883578032432628,20.38,5.480885067541146,-0.6865239953089846,2.8708654965824234,0.0233170547389905,-0.7904114296901196,3.594444444444445,Random Forest,0.8698
2010-08-09,2010-12-14,2010-10-12,508.61944444444447,60.61655626102754,-0.4915885340088281,1.873470438655293,12.86277777777778,10.19232901985306,-0.6612686101083276,2.917194463084295,0.0230037560630182,-0.6912288974367392,2.253333333333333,Random Forest,0.8732
2010-09-21,2011-01-27,2010-11-23,570.9166666666666,47.13493658838433,-0.0098826216142855,2.3850614529945484,3.091666666666667,10.63410680443308,-0.025507436785596,2.0050779835201906,0.022695001039234,-0.6799720752509678,1.1966666666666668,Random Forest,0.8856
2010-11-02,2011-03-11,2011-01-06,622.8694444444444,60.92286783737767,0.0024405824487213,1.8129965867245637,-2.857222222222222,7.905916434491548,-0.0429870976424153,2.874730623102119,0.0200801500082046,-0.2134257340433599,1.1133333333333333,Random Forest,0.8656
2010-12-15,2011-04-25,2011-02-18,676.8277777777778,50.623398080418205,0.1190268864670988,2.098168548904525,-0.8411111111111111,8.744155601230277,-0.2040703261497687,2.394037084507675,0.0209140499225938,0.5374018086294263,1.8822222222222225,Random Forest,0.8744
2011-01-28,2011-06-07,2011-04-04,712.3944444444444,36.9438911375686,-0.2013215170530637,2.127986331272751,7.066111111111111,10.483860865120302,-0.354011822043266,3.1861504105252325,0.0236222174378194,0.4629693143736916,2.745555555555556,Random Forest,0.8794
2011-03-14,2011-07-20,2011-05-17,715.1944444444445,40.70984921025375,-0.2475823689044838,2.134171486165094,16.015555555555554,8.198676395108563,-0.0467132255316485,1.910356189091282,0.0282279527285959,-0.0905036824843445,4.609999999999999,Random Forest,0.866
2011-04-26,2011-08-31,2011-06-29,712.1583333333333,34.89537834406271,0.1232125460740103,2.3698795454553445,21.83944444444445,5.8538160723786365,-0.7103814978566557,2.8184475491802794,0.0256967090889605,-0.3712418164221227,4.256666666666668,Random Forest,0.8743
2011-06-08,2011-10-13,2011-08-11,690.95,44.67814361467957,-0.2442469478075246,2.932671557970256,22.19333333333333,4.966161902812253,-0.2708507511699741,2.5407335294641977,0.0255441428742665,0.1628511372597964,3.281111111111111,Random Forest,0.8664
2011-07-21,2011-11-25,2011-09-23,670.1138888888889,45.56610460859035,0.0825464731582872,2.2273683542527576,17.023333333333333,8.025203277204225,-0.1510466952105529,1.907064929472716,0.0193328044672592,0.5559074425921562,1.5155555555555555,Random Forest,0.8814
2011-09-01,2012-01-10,2011-11-04,638.5138888888889,42.56352425570711,0.7282384635748257,3.1335558531991565,8.902777777777779,8.158769876955631,0.2661269163844955,2.4439555038680147,0.0177866518978973,0.5523437769355668,1.0488888888888888,Random Forest,0.887
2011-10-14,2012-02-23,2011-12-19,626.6,24.54409583686957,-0.6141523725527785,1.960288194162005,2.4744444444444444,6.060821153826984,-0.1526832828337714,2.906046335312836,0.0144132036099951,0.4221199449828624,1.312222222222222,Random Forest,0.8751
2011-11-28,2012-04-05,2012-02-02,631.1555555555556,26.006632088935284,-0.5520019108964109,2.23389910642802,3.528888888888889,7.874621366955294,0.4150262970059087,2.534609491541202,0.0153277334871958,0.5166856910488168,1.9355555555555557,Random Forest,0.863
2012-01-11,2012-05-18,2012-03-16,638.0,19.18705966079655,-0.2810685878290845,2.480413018544468,8.323333333333334,9.204951647426546,-0.3591967334792924,2.114883183104637,0.0179792483257033,0.2270367605304338,2.3144444444444443,Random Forest,0.8893
2012-02-24,2012-07-02,2012-04-30,628.0611111111111,32.17600628999865,-0.4895128027577691,2.416617169393391,16.239444444444445,7.285696678587747,-0.4394247588234571,3.076206269665247,0.0216845838158626,-0.2459813920174085,2.56,Random Forest,0.8733
2012-04-09,2012-08-14,2012-06-12,673.4638888888888,86.39595256456218,0.5035601877049493,1.6945351253090932,21.70611111111111,6.76148555820448,-0.348213485597195,2.3910870081189293,0.0236496321578011,0.5774747554035607,1.4877777777777774,Random Forest,0.8653
2012-05-21,2012-09-26,2012-07-25,724.1166666666667,92.36777825992222,-0.6742718285146768,1.78476223142915,23.910555555555558,5.078144923854125,-0.2588998373089224,2.3742481029288416,0.0224907515332733,0.3557850291009654,1.2344444444444445,Random Forest,0.8647
2012-07-03,2012-11-09,2012-09-06,773.1222222222223,28.72130332469548,0.1249943955398079,1.884066743531968,20.45555555555556,7.858450845293246,-0.3687027376586754,2.1105854668425907,0.0188840038865635,0.6381237269985847,0.9733333333333332,Random Forest,0.8568
2012-08-15,2012-12-24,2012-10-18,754.2972222222222,29.953332017303627,0.6080154911345659,2.879510609824053,12.14222222222222,9.47112379907887,-0.1735425684489642,2.41616437775559,0.0145816370904265,0.7817562048996822,1.163333333333333,KNeighborsTimeSeries,0.8331
2012-09-27,2013-02-07,2012-12-04,730.9777777777778,21.406238079450283,-0.5077794899044777,2.494657998071067,3.563888888888889,8.755470289340009,-0.0968196923604367,2.4435509016595294,0.0128934336827352,0.5940153270318024,1.0622222222222224,Hidden Markov Model,0.8354
2012-11-12,2013-03-22,2013-01-17,719.7972222222222,19.275278690637595,-0.0673492142926072,2.142299957002635,-1.3066666666666666,6.106780170019535,0.0747285348444105,2.9975994387766183,0.0101528351210549,0.3222086461723546,1.0755555555555556,Random Forest,0.8664
2012-12-26,2013-05-06,2013-03-04,697.4138888888889,32.87553479530642,-0.5974626384795315,2.161527685403376,-0.0044444444444445,7.115845763073087,0.4949137089549701,3.678179953045439,0.0164060147378049,-0.5379652628922769,2.96,Random Forest,0.8821
2013-02-08,2013-06-18,2013-04-16,680.8388888888888,32.74180382710586,0.2821740104397524,1.7570067175553776,7.562777777777778,9.86928204847291,0.1573894215956157,1.672445818780631,0.0200811989164316,-0.5928206802183091,3.647777777777778,Random Forest,0.8818
2013-03-25,2013-07-31,2013-05-29,646.0611111111111,57.82353180334314,-1.4134847407225193,4.382535412212487,16.441666666666663,8.515901352334739,-0.6057277956647131,2.177257711851468,0.0353411921301276,-0.3124803087980331,4.165555555555555,Random Forest,0.8652
2013-05-07,2013-09-12,2013-07-11,586.0055555555556,90.63909307527362,-0.0971289658647849,1.2212829405586356,22.52055555555556,4.2941290888503065,-0.2315430783094006,2.5499079328567675,0.034659796259439,-0.4119343748576421,2.3122222222222217,Random Forest,0.8646
2013-06-19,2013-10-24,2013-08-22,513.2305555555556,85.62345896077191,1.273985453544708,3.127718620532822,21.63,5.923860531402272,-1.114139097604136,4.272219754940138,0.0333328179811347,0.37443872005502,2.4766666666666666,Random Forest,0.8647
2013-08-01,2013-12-06,2013-10-04,451.34722222222223,26.47769610584837,0.5278303959927116,2.146944077994355,14.605555555555556,10.560203129548611,-0.4698477223093459,2.301628439585876,0.0159303545140973,0.8310863581309169,2.1644444444444444,KNeighborsTimeSeries,0.8568
2013-09-13,2014-01-22,2013-11-15,432.27777777777777,11.5028968288723,0.5796956626763654,2.5361849261190947,3.3044444444444454,12.17177302929422,-0.1004006664870472,2.1127837852310254,0.0112817160852814,0.6780945982596892,1.9411111111111103,KNeighborsTimeSeries,0.8519
2013-10-25,2014-03-06,2013-12-31,432.7416666666667,14.036541897026,1.4964640195303252,5.509177504285115,-5.281666666666667,8.947265761490579,0.0040174144644743,2.109229645135854,0.0111964589565244,-0.1860886964370249,1.0955555555555556,Random Forest,0.8806
2013-12-09,2014-04-17,2014-02-13,455.06944444444446,29.183986965346392,0.4255930279750129,1.6463996197183708,-4.459999999999999,9.367542577036106,-0.0895424448354996,2.0195650017370714,0.012004748720272,0.6997322931318147,0.952222222222222,Hidden Markov Model,0.8347
2014-01-23,2014-06-02,2014-03-28,476.90277777777777,25.224071525669384,-0.4132277884986532,1.9583012193691187,3.591666666666667,11.73763573709072,-0.3503084674131296,2.3665487972050667,0.011976108420147,0.6520947320956199,2.071111111111111,Hidden Markov Model,0.8311
2014-03-07,2014-07-15,2014-05-12,471.80555555555554,32.995270723807195,-0.8840469257541451,3.0327250419832943,13.891666666666667,7.862002382387972,-0.2642480001806525,1.8549923780717592,0.0136624306439254,-0.6039977764553234,2.8877777777777776,Random Forest,0.8613
2014-04-21,2014-08-26,2014-06-24,428.65277777777777,55.88042378024861,-0.0103788392806989,1.525526180171752,19.584444444444447,5.144265075891425,-0.902006581876137,3.444801214130385,0.0133267013505231,-0.6028796547082909,2.79,Random Forest,0.8801
2014-06-03,2014-10-08,2014-08-06,376.8888888888889,43.089795696122565,0.650069444182644,2.0079299781612066,20.54222222222222,3.959024047759319,-0.4344439611327777,3.2957064249550454,0.0146758579017132,0.2716217021145321,2.9922222222222223,Random Forest,0.872
2014-07-16,2014-11-19,2014-09-18,354.0305555555556,16.106641965916648,-0.3695347204621156,2.3298561317754327,15.898888888888887,8.415251596103223,-1.1759602916665195,4.252314011854738,0.0159596804820679,-0.2936793557006203,2.5955555555555554,Random Forest,0.8797
2014-08-27,2015-01-05,2014-10-30,363.9555555555556,26.400799532969167,0.2515334918018508,2.157536622475091,7.5572222222222205,10.34845849974038,-0.2242882421742196,2.024799631842685,0.0166283960489462,-0.7554205299570623,2.697777777777778,KNeighborsTimeSeries,0.832
2014-10-09,2015-02-18,2014-12-12,380.34722222222223,17.90948270746363,-0.0920681802352768,2.726792580505854,-0.6672222222222222,9.198437095846348,-0.025953763698161,2.290437216639147,0.016129342609153,-0.5656717196126181,1.3033333333333332,Hidden Markov Model,0.8321
2014-11-20,2015-04-01,2015-01-28,386.7527777777778,11.974193602158458,0.7029034644232776,2.739513202786792,-2.6161111111111115,8.40688865404129,0.0044443321697842,2.6649801655032435,0.0145801122908951,-0.1256476461232656,0.7755555555555557,Random Forest,0.8928
2015-01-06,2015-05-14,2015-03-12,379.1444444444445,10.99738080268892,-0.2999788651067679,2.702138828340494,2.645,11.064715276829467,-0.3651403243690815,2.015958151627181,0.0132387501852927,-0.5942190697152973,1.7055555555555553,KNeighborsTimeSeries,0.8669
2015-02-19,2015-06-26,2015-04-24,370.59722222222223,12.154303720856513,0.1144018529948464,1.894684831564445,11.458333333333334,9.936625730039166,-1.0037124530553696,3.5969724964598626,0.0128816474484469,-0.6221206254956522,3.765555555555556,KNeighborsTimeSeries,0.8712
2015-04-02,2015-08-10,2015-06-08,376.15,22.519679284043537,1.1431227802491992,3.1441621851818464,18.677222222222227,5.485953263425544,-0.3647835156919168,2.1214201497538507,0.0165564863498383,0.2919772986416009,4.771111111111111,Random Forest,0.8934
2015-05-15,2015-09-22,2015-07-21,375.56666666666666,22.93529613911196,1.1203286207439294,3.0855844108185164,21.49333333333333,3.7677758467643314,-0.8621738994608588,4.315200358665545,0.0187843632931423,0.1867704106929149,5.096666666666668,Random Forest,0.8798
2015-06-29,2015-11-03,2015-09-01,383.25555555555553,20.03714870782705,0.7725594362536152,2.98329510655625,19.98111111111111,4.992880199258222,-0.7367703567401145,3.0782700938942105,0.018049134113712,0.0321613623865651,3.55,Random Forest,0.8742
2015-08-11,2015-12-16,2015-10-14,372.7916666666667,11.063418437720316,0.0604465249042785,2.3182376100438007,14.40611111111111,7.565592678157162,-0.307031198039372,2.049135032817852,0.0135199230747868,0.0213593329223545,3.53,Random Forest,0.8875
2015-09-23,2016-02-01,2015-11-25,371.5777777777778,10.833173435869815,0.2601882333338978,2.4383086496160007,6.130555555555556,8.797336466304634,-0.0415095858723834,2.11456597370712,0.010809629510434,0.7022848153968545,2.643333333333333,KNeighborsTimeSeries,0.8429
2015-11-04,2016-03-15,2016-01-11,364.3083333333333,6.918673843505632,0.1648377428181407,2.5057128085057867,1.7288888888888891,7.238590315993612,0.0532352369202835,2.4666806148616964,0.0098484971335012,0.2343257950849493,2.6811111111111114,Random Forest,0.8421
2015-12-17,2016-04-27,2016-02-24,364.93888888888887,8.62029151002753,0.6486160188958661,3.5485805664290706,3.006111111111111,8.232952518903947,0.0246392219919819,2.159766698014269,0.0110632336711909,0.4155822195973395,2.58,KNeighborsTimeSeries,0.8351
2016-02-02,2016-06-09,2016-04-07,376.1666666666667,19.74567937379173,1.1014134731985297,3.4749246997362317,9.727222222222222,8.667063319214641,-0.6150848219906538,2.949364262327092,0.0135435308382366,0.6711269088546621,2.687777777777778,KNeighborsTimeSeries,0.8502
2016-03-16,2016-07-22,2016-05-19,380.7861111111111,26.237719468522105,0.3685475377476487,2.470621074809463,17.483888888888888,7.367026551617328,-0.2099502360643067,1.9710150237776105,0.0196179602920855,0.176647149644874,3.243333333333333,Random Forest,0.8756
2016-04-28,2016-09-02,2016-07-01,365.60277777777776,38.50984651636653,0.2427470905943212,1.763576440874168,22.07277777777778,4.887620001176965,-0.8196227698671325,2.9661025710408584,0.0188220155510851,-0.2890471948078136,3.393333333333333,Random Forest,0.8729
2016-06-10,2016-10-18,2016-08-15,345.3888888888889,30.722231252524335,1.6108612028793583,4.993559267758087,22.892222222222223,4.37930469515239,-1.1269975486305948,4.384635060972813,0.0188031901272843,0.1519645396845568,3.914444444444444,Random Forest,0.8722
2016-07-25,2016-12-01,2016-09-27,335.975,12.780562071127097,-0.3152642504550681,2.5268952933598183,17.996111111111112,7.023460796541069,-0.5180075849544037,2.276015152711592,0.0144629761445934,-0.5744223263750577,3.1855555555555557,KNeighborsTimeSeries,0.8484
2016-09-06,2017-01-17,2016-11-09,345.72777777777776,10.466482381068078,-0.7288041401092632,2.957670403390405,8.69,10.906861050619838,-0.2330925822013208,2.053440941897706,0.0141905849182883,-0.630883794067805,2.118888888888889,KNeighborsTimeSeries,0.8706
2016-10-19,2017-03-01,2016-12-23,356.15833333333336,10.42377697403846,0.0332461147121571,2.4017971315761497,2.8822222222222225,7.868484681691735,-0.0147368592140277,2.240574637619399,0.0125044084194412,-0.2463257614922768,1.2455555555555555,Random Forest,0.8617
2016-12-02,2017-04-12,2017-02-08,361.3888888888889,8.090265956440652,-0.239957841863438,2.763748794744789,1.462222222222222,6.846373234561227,-0.093653157375257,2.3114031893995874,0.0110298427459966,0.2993100781740669,1.751111111111111,Random Forest,0.8341
2017-01-18,2017-05-25,2017-03-23,365.025,5.681387164448446,0.1215334646575325,2.2665015419531733,7.667222222222222,7.453587331437514,-0.0491450280813764,2.5464077705594903,0.0114989342465425,-0.0285368298342526,2.7144444444444447,Random Forest,0.8866
2017-03-02,2017-07-10,2017-05-05,367.0583333333333,8.55287996045645,0.6939912468999927,2.864145430299933,14.679444444444446,8.405472048733934,-0.246078343249989,2.511226451627193,0.0125313936671689,0.5547170803279767,3.031111111111111,KNeighborsTimeSeries,0.869
2017-04-13,2017-08-21,2017-06-19,368.8722222222222,9.674567351215686,0.3089514034553223,2.6234662085914584,20.819444444444443,5.948792222071072,-0.5626772152570497,2.698533982535341,0.0153994627294598,0.4256529613569677,3.205555555555556,Hidden Markov Model,0.8305
2017-05-26,2017-10-03,2017-08-01,362.6361111111111,15.324768868938676,-0.0657799450958873,2.028227865600297,23.063888888888894,3.6897065120167727,0.0041990953131027,2.494682733129,0.0152755156955205,0.4264991559281235,2.692222222222222,Random Forest,0.8461
2017-07-11,2017-11-14,2017-09-13,354.0111111111111,12.76312450249418,0.9662093366436894,3.508882588864732,18.39388888888889,8.147432999534125,-0.9162550822029172,2.987645947841137,0.0136905462428807,0.4791052456159864,2.408888888888889,Hidden Markov Model,0.8346
2017-08-22,2017-12-28,2017-10-25,345.5833333333333,5.783548927972097,-0.432708573818367,2.3117731829142616,10.62722222222222,10.09514612788348,-0.2930479099222483,2.344392511700422,0.0101504622646355,0.0762741306763524,1.4144444444444444,Random Forest,0.8752
2017-10-04,2018-02-12,2017-12-07,348.84444444444443,7.257558804463778,0.2992514977865779,2.9608746799067798,1.2166666666666663,9.70235984268023,-0.265926341703931,2.435770504967242,0.0080262790404368,-0.376950880624132,1.0788888888888892,KNeighborsTimeSeries,0.8431
2017-11-15,2018-03-27,2018-01-23,357.9138888888889,14.686812910589612,0.2933077880761745,1.955277364004962,-1.3044444444444447,7.640429294237968,-0.6511778296654482,2.615157150713431,0.0077220813325355,0.0152901729204926,1.2155555555555555,Random Forest,0.8903
2017-12-29,2018-05-09,2018-03-07,372.8,14.814214628395924,-0.1597223260325179,1.8723214449831247,1.2411111111111113,9.494287394722315,-0.0648969224118645,2.755316042675961,0.0085458547501033,0.6853355343256274,2.8833333333333333,KNeighborsTimeSeries,0.8523
2018-02-13,2018-06-21,2018-04-19,382.5472222222222,12.49184534255936,-0.1638064974372145,2.5889224800161865,11.104444444444445,10.372209640860405,0.040741428997273,1.601992258568389,0.0116385785243617,0.2564024103707747,3.6666666666666665,Random Forest,0.8635
2018-03-28,2018-08-03,2018-06-01,374.5944444444444,20.645400288167743,-0.3552568447525656,1.9556530592867445,18.726666666666667,8.597968795926764,-1.1496315355719668,3.278966348590673,0.0145950885600391,-0.4368956078607534,3.2988888888888885,Random Forest,0.8604
2018-05-10,2018-09-17,2018-07-16,363.4472222222222,20.053212022565678,0.6906360400008521,2.544082609879617,23.321666666666665,2.953944705955529,-0.0921912198909695,2.870859901576901,0.0155556736404225,-0.3133357574395413,3.488888888888889,Random Forest,0.8853
2018-06-22,2018-10-29,2018-08-27,356.84444444444443,11.312813269470713,-0.3309207717445197,2.205454372265925,20.22111111111111,6.389325621505603,-0.955682833615248,2.990103814221821,0.0146259693875297,-0.6077643521883311,3.921111111111111,KNeighborsTimeSeries,0.8636
2018-08-06,2018-12-12,2018-10-09,362.23333333333335,9.943435528647004,-0.7861447683406486,2.9136623969310294,12.139444444444448,10.52427235853644,-0.2502767865272298,1.702565852699239,0.0117511109141437,-0.5614844642491842,3.815555555555555,KNeighborsTimeSeries,0.8684
2018-09-18,2019-01-30,2018-11-20,370.1444444444445,8.169893499933135,-0.7700343261391608,3.597011567780509,3.3361111111111112,9.678065167210542,0.0573825253918786,3.373887225597884,0.0093564910707473,-0.5822082849052472,2.5244444444444443,KNeighborsTimeSeries,0.8559
2018-10-30,2019-03-14,2019-01-09,371.56666666666666,7.709599298816677,-0.650683467278929,2.402533084559598,-3.8566666666666665,7.455697617680865,-0.3779672408646322,3.394759329188561,0.008271828324054,-0.1537523483805342,1.6622222222222225,Random Forest,0.8591
2018-12-13,2019-04-26,2019-02-22,370.26666666666665,9.437092129738298,-0.6669110289415734,2.2881857389853444,-0.8711111111111112,9.75088004607322,-0.248819337582696,2.411629090398859,0.0101761665936763,-0.4492773553175541,1.9244444444444444,KNeighborsTimeSeries,0.8453
2019-01-31,2019-06-10,2019-04-05,372.8944444444445,20.94280526540128,1.31394178706457,4.138158585525048,5.657777777777777,11.594794723028242,-0.5320775934208822,2.284381398857004,0.0143079561237554,0.2959069016882198,3.3766666666666665,Random Forest,0.8871
2019-03-15,2019-07-23,2019-05-20,395.375,36.1728304909961,0.1597938116444807,1.4212173826068024,16.255,7.3471122891081535,0.004816399948519,2.060193927086327,0.0173444825864055,0.7557898577381981,3.8055555555555554,Random Forest,0.8497
2019-04-29,2019-09-04,2019-07-02,401.47222222222223,34.2675249276799,-0.2196014688896923,1.6129321542812256,20.793888888888887,5.090743018646456,-0.5960568451645206,2.9507854721227327,0.0198474647983518,0.4591485369483106,4.107777777777778,Random Forest,0.887
2019-06-11,2019-10-16,2019-08-14,397.725,33.51967915194652,0.0695432665070532,1.700182098979131,21.83333333333333,5.076748052298524,-1.1401004462877455,4.545744661480754,0.019295816993293,0.0830666596819169,4.046666666666667,Random Forest,0.8689
2019-07-24,2019-11-27,2019-09-26,378.5777777777778,18.574389023343727,0.2186555147397584,2.5897492144192293,14.829444444444444,10.247712527556612,-0.6170720017491103,2.223600197039416,0.0163897620246686,-0.0751898234002638,3.5800000000000005,Random Forest,0.8792
2019-09-05,2020-01-13,2019-11-07,377.9,12.954642133574698,-0.8298117877402864,3.2490221665649632,7.247777777777778,10.203502128210662,0.5646544690174247,2.3276050949935314,0.0141592386290322,-0.2892102380421353,2.93,Random Forest,0.8661
2019-10-17,2020-02-26,2019-12-20,380.25555555555553,8.545316886992904,-0.5460362450211287,2.271512419426833,-0.7961111111111109,5.877323722989825,-0.2838070017427906,3.367599406482717,0.0116069927168412,0.0792742720361536,1.29,Random Forest,0.8856
2019-11-29,2020-04-08,2020-02-05,372.06944444444446,17.871067092194938,-1.0758591754529412,2.9573130198831663,0.7033333333333333,6.753495973580538,-0.0386844371011417,3.225968754650405,0.0141439956166273,-0.5820053354959909,1.6344444444444444,KNeighborsTimeSeries,0.8296
2020-01-14,2020-05-21,2020-03-19,351.14166666666665,29.206405379103728,-0.0999908977518414,1.3829509865514866,4.437777777777778,8.526074715976982,-0.3399602514281643,2.465306095940085,0.0140322926817633,-0.7703137322589256,2.2544444444444443,KNeighborsTimeSeries,0.8355
2020-02-27,2020-07-06,2020-05-01,333.4138888888889,20.06531333703409,1.1182746949319864,3.5196941455669792,13.762777777777776,8.039514635103288,-0.0305775807664714,1.858739072845598,0.0145385339327328,-0.4078070208649617,3.3855555555555554,Random Forest,0.8647
2020-04-09,2020-08-17,2020-06-15,323.4527777777778,10.11957265027628,0.5037389600678392,3.262584991105607,19.45277777777778,7.027247775507636,-1.079227872387559,3.428472325912121,0.0139363696580384,0.3838913978205779,3.125555555555556,Random Forest,0.8312
2020-05-22,2020-09-29,2020-07-28,335.3666666666667,17.40105253177184,0.7097146215882598,2.64253895104923,22.51888888888889,4.125547820468971,-0.8667192639000884,3.7904134216179934,0.0137705151624965,-0.3613726735431718,3.221111111111111,Random Forest,0.8636
2020-07-07,2020-11-10,2020-09-09,359.25,34.02888313830546,0.2312671799184092,1.7523702657504687,18.362777777777776,7.765946121596877,-0.7719190349712332,2.7781844802162228,0.0140619462058376,-0.7767153703119203,2.647777777777778,Hidden Markov Model,0.8322
2020-08-18,2020-12-23,2020-10-21,392.23333333333335,32.17053837482119,-0.4839607742252754,2.094491955159138,10.783333333333331,9.76688109337545,-0.0527745581175675,2.251685579411341,0.0124495326274673,-0.8188081789276501,2.344444444444445,KNeighborsTimeSeries,0.8437
2020-09-30,2021-02-08,2020-12-03,446.06388888888887,53.23153476742316,0.8063420464811792,2.235974602605501,2.3105555555555557,8.668833800643029,0.1865679613229509,2.675528256351598,0.0141737431237993,-0.6786038127224109,2.027777777777778,Random Forest,0.8891
2020-11-11,2021-03-23,2021-01-19,496.61944444444447,57.22275893503675,-0.3361461490491071,1.3849185806130229,-1.5266666666666668,8.34891232907926,-0.52349904874678,3.180415229014613,0.0153248309627121,-0.1725959034292596,1.4955555555555555,Random Forest,0.8662
2020-12-24,2021-05-05,2021-03-03,560.625,60.44089240505224,1.4401927261300158,5.43829719497726,1.5533333333333337,10.43102761374217,-0.3060617277527047,2.7071458775134487,0.0183991110960274,0.5360482382173075,1.6122222222222224,Random Forest,0.8704
2021-02-09,2021-06-17,2021-04-15,616.8611111111111,70.81261979581794,0.5713758859582468,1.9843908833754105,9.846666666666666,11.86720483356539,-0.8484762123816462,3.719973404902052,0.0234808699734399,0.5697429327919624,1.9577777777777776,Random Forest,0.8668
2021-03-24,2021-07-30,2021-05-27,640.9722222222222,64.4704601423109,0.0107613385158333,1.9859265403478787,18.37944444444444,7.780080783080656,-0.5257382556330149,2.1882538874939272,0.0333563300926765,0.0807473079446611,2.594444444444445,Random Forest,0.8647
2021-05-06,2021-09-13,2021-07-12,615.5055555555556,73.41175029345483,0.1533406247113815,1.887942922494585,22.99944444444445,4.8467729009165135,-0.9922106611491422,3.771892146939905,0.0316504332736333,-0.4543817069685951,2.6866666666666665,Random Forest,0.8651
2021-06-18,2021-10-25,2021-08-23,564.4638888888888,56.383612363288535,1.310452691027063,3.5724716202440776,22.421111111111117,4.871898193721572,-1.0024148228293,4.2955571812848685,0.028001569312769,0.2449054869101697,2.415555555555556,Random Forest,0.8655
2021-08-02,2021-12-07,2021-10-05,546.6888888888889,23.62812642386447,-0.2554015070663577,2.3165533952235333,16.27666666666667,8.769277960873186,-0.3971767636704166,2.078134669848662,0.0143088441642665,-0.5493253927888626,2.18,Random Forest,0.8428
2021-09-14,2022-01-20,2021-11-16,566.1833333333333,29.61228392999368,-0.2295405736875701,1.7600530482570638,7.282222222222222,10.299679036973393,-0.2961312653836889,2.7391048912486378,0.0129875577549867,-0.8472828837988986,1.8377777777777775,KNeighborsTimeSeries,0.8606
2021-10-26,2022-03-04,2021-12-30,608.5888888888888,44.15451532369777,1.4801868216533232,5.310243114179356,-0.304444444444444,8.404578889932774,-0.5663692829638408,2.6479421524607325,0.0157115878155439,-0.2766202756068956,1.2477777777777777,Random Forest,0.8711
2021-12-08,2022-04-18,2022-02-11,670.0888888888888,70.53928811159697,0.3237426297140496,1.465226291846337,-0.7733333333333334,8.302237413337185,-0.4271598101244099,2.760349234356688,0.0186438589933311,0.4589036965697504,1.3788888888888888,Random Forest,0.8665
2022-01-21,2022-05-31,2022-03-28,735.6638888888889,64.37985457981287,-0.6530445282407676,2.024076311993144,5.132777777777777,10.628951772999963,-0.2308446508891812,2.638022596263622,0.0194564998280524,0.7519941410494558,2.707777777777778,Random Forest,0.8758
2022-03-07,2022-07-14,2022-05-10,768.1138888888889,26.31918814253011,0.0718451860374408,2.452902821444558,14.53555555555556,9.358287333840613,-0.3048917786599477,2.0877880366712818,0.0201236647469184,0.0132264290469534,4.771111111111112,Random Forest,0.8695
2022-04-19,2022-08-25,2022-06-23,720.6194444444444,80.93267964499476,-0.5652504413575886,1.6924737961610314,21.046666666666663,6.028140004189714,-1.026223827881457,3.666852680261553,0.0241725010985758,-0.5033084384318909,4.2700000000000005,Random Forest,0.8653
2022-06-01,2022-10-07,2022-08-05,682.7611111111111,61.29484039807688,0.0084854035308754,1.8763906568075064,22.46388888888889,4.296837272845384,-0.7428986936612942,3.562194039172705,0.0244350365137227,-0.06532670511623,2.8977777777777787,Random Forest,0.8649
2022-07-15,2022-11-18,2022-09-19,657.6888888888889,36.06587899892424,-0.8148865399691,2.4698516206470797,17.41944444444444,8.635820665362074,-1.0163802208638728,3.3920933894367384,0.0148256584087119,-0.4541849721851094,1.5488888888888892,Random Forest,0.8916
2022-08-26,2023-01-04,2022-10-31,671.5833333333334,18.3749952228076,-0.4573714030688018,3.14918882128649,8.881666666666668,10.762796016365249,-0.3180792313910191,2.505872584574786,0.0122206317162409,0.532239899834799,1.7566666666666668,Hidden Markov Model,0.8372
2022-10-10,2023-02-16,2022-12-13,669.275,16.861799872606134,-0.7105181692099493,2.958286147620906,1.3050000000000002,8.607124204904428,-0.0901281316684711,3.2113284407479705,0.0094642329836619,0.2570159506555675,1.96,Random Forest,0.8703
2022-11-21,2023-03-31,2023-01-27,657.0055555555556,19.218143704340932,-0.1885021211888779,1.728438091681229,-0.9200000000000002,6.441908957074444,-0.9893889695191448,4.088503863588293,0.0102855479211512,-0.3452712712497029,1.8833333333333333,Random Forest,0.8617
2023-01-05,2023-05-15,2023-03-13,655.1333333333333,19.689663917104816,-0.2743472951717221,2.564293583167832,4.113888888888889,9.12313403355761,-0.0324565357599889,2.7369883350668647,0.0126243656032615,-0.4035567392519327,1.9233333333333331,Random Forest,0.858
2023-02-17,2023-06-28,2023-04-25,632.1833333333333,28.430498736866475,-0.7596396491113154,3.2041956839789174,12.424444444444443,9.485228742346264,-0.4162537050309635,2.120541157132781,0.0174428833468083,-0.4164275623997558,1.5433333333333334,Random Forest,0.8926
2023-04-03,2023-08-10,2023-06-07,595.6916666666667,55.66227983174437,-0.5421818485970015,2.280889033645181,19.866111111111117,5.856485062807416,-0.9281682323331394,3.1684739270534767,0.0301954411775619,-0.5455686454580939,2.278888888888889,Random Forest,0.8683
2023-05-16,2023-09-22,2023-07-21,536.3638888888889,61.25093625873637,0.2808015035423781,1.7031477009144644,22.81277777777778,3.4583440954663103,0.3040672113801905,2.951681191765025,0.0296715672756995,-0.006952280672521,1.9066666666666665,Random Forest,0.8647
2023-06-29,2023-11-03,2023-09-01,496.6222222222222,34.27569659436135,1.386347707913729,3.7856701459783255,20.377222222222223,6.474774565990657,-1.122186954573678,4.746556565924181,0.0275993448571448,0.2605006101925294,2.881111111111111,Random Forest,0.8698
2023-08-11,2023-12-18,2023-10-16,474.5083333333333,10.953518366567955,0.2843796689520771,2.8260078741097807,13.913333333333334,9.249351024911016,-0.2271891231315334,2.139508293047485,0.0139919363761766,0.3095262854856752,1.478888888888889,Random Forest,0.8541
